{
  "1.0": 0.5429799746139741,
  "1.1": 0.5454859959511789,
  "1.2": 0.5747179511255072,
  "1.3": 0.5774944931033597,
  "1.4": 0.5903295331640307,
  "1.5": 0.6643434963713921,
  "1.6": 0.6699409199849831,
  "1.7": 0.7162048416943139,
  "1.8": 0.7288997179007504,
  "1.9": 1.5425333820618738,
  "2.0": 2.431581665235894,
  "2.1": 4.358802862745963,
  "2.2": 2.723376637027353,
  "2.3": 4.311466029386438,
  "2.4": 4.312359622433089,
  "2.5": 4.318241623719325,
  "2.6": 4.312437954921325,
  "2.7": 4.312460632520289,
  "2.8": 4.312433413056614,
  "2.9": 4.312455335702886,
  "3.0": 4.38176625953133,
  "3.1": 4.543990617286542,
  "3.2": 4.859985933750406,
  "3.3": 4.544135602986738,
  "3.4": 4.544024871677416,
  "3.5": 4.611345563944095,
  "3.6": 4.6110157840567805,
  "3.7": 4.960297823394001,
  "3.8": 4.932971856168917,
  "3.9": 5.9002744871204875,
  "4.0": 4.944120039494981,
  "4.1": 4.844805761364967,
  "4.2": 6.683968626876402,
  "4.3": 6.120048519300275,
  "4.4": 6.122998428968932,
  "4.5": 5.591773525970347,
  "4.6": 6.038804278286804,
  "4.7": 7.215853496321124,
  "4.8": 7.2103449131178365,
  "4.9": 7.206576166195091,
  "5.0": 7.262633787841213,
  "5.1": 7.226324602394697,
  "5.2": 7.2343080710632774,
  "5.3": 7.2300235820869565,
  "5.4": 7.218910802554164,
  "5.5": 7.162896869978439,
  "5.6": 7.228528392209401,
  "5.7": 7.30253060884936,
  "5.8": 7.034550038822019,
  "5.9": 7.267453023513894,
  "6.0": 7.250342448217619,
  "6.1": 7.747581575752639,
  "6.2": 7.601223803124946,
  "6.3": 7.409521409495306,
  "6.4": 7.300525081587688,
  "6.5": 7.560559565218389,
  "6.6": 7.94725959768824,
  "6.7": 7.94899620906212,
  "6.8": 7.795219311293105,
  "6.9": 7.735141199485837,
  "7.0": 7.991445713534019
}