{
  "config": {
    "name": "multi_year_test",
    "network_files": [
      "2010_elec_s50_c7_ec_lv1.0_ERM-1h.nc",
      "2011_elec_s50_c7_ec_lv1.0_ERM-1h.nc"
    ],
    "block_size": 168,
    "sampling_strategy": "all",
    "num_workers": 8,
    "dispatch_solver": "CLARABEL",
    "dispatch_solver_kwargs": {
      "verbose": false
    },
    "pypsa_args": {
      "power_unit": 1000.0,
      "cost_unit": 10.0
    },
    "seed": 42,
    "relaxation": {
      "should_solve": false,
      "price_bound": 100.0,
      "solver": "CLARABEL",
      "solver_kwargs": {
        "verbose": false
      }
    },
    "optimizer": {
      "num_iterations": 40,
      "step_size": 0.001,
      "clip": 1000.0,
      "initial_state": "initial",
      "batch_size": 8,
      "batch_strategy": "sequential"
    }
  },
  "num_subproblems": 104,
  "final_cost": 913393.7687838788,
  "lower_bound": null,
  "optimal_parameters": {
    "generator_capacity": [
      [
        1.9750381879126395
      ],
      [
        0.16345486445041962
      ],
      [
        0.5364
      ],
      [
        9.914100000000001
      ],
      [
        3.8486
      ],
      [
        0.1689549287123238
      ],
      [
        0.07579999999999999
      ],
      [
        6.320099999999999
      ],
      [
        3.6143
      ],
      [
        1.8293611633704465
      ],
      [
        0.8259268388047861
      ],
      [
        0.054000000000000006
      ],
      [
        3.019
      ],
      [
        2.5048000000000004
      ],
      [
        15.211656369803913
      ],
      [
        0.1246
      ],
      [
        7.382
      ],
      [
        0.1316
      ],
      [
        2.43
      ],
      [
        5.9749
      ],
      [
        11.003500000000003
      ],
      [
        5.49649307041512
      ],
      [
        2.3130504094334317
      ],
      [
        1.69
      ],
      [
        0.30210000000000004
      ],
      [
        0.010499999999999999
      ],
      [
        2.975964118011402
      ],
      [
        1.0073999999999999
      ],
      [
        8.968569998196784
      ],
      [
        4.776415501180555
      ],
      [
        0.0044
      ],
      [
        2.5209
      ],
      [
        0.0456
      ],
      [
        2.7086
      ],
      [
        0.12979999999999997
      ],
      [
        9.1355
      ],
      [
        5.4705
      ],
      [
        9.166725190196345
      ],
      [
        10.76003168483481
      ],
      [
        2.7368
      ],
      [
        0.04319999999999999
      ],
      [
        2.826242493041711
      ],
      [
        2.8769
      ],
      [
        3.202995506318215
      ],
      [
        1.2198499536081302
      ],
      [
        3.6741445286293626
      ],
      [
        1.3033029226196386
      ],
      [
        3.6225391792163397
      ],
      [
        1.2955749745318446
      ],
      [
        3.147786167005312
      ],
      [
        0.9837147948820462
      ],
      [
        0.9337322795941323
      ],
      [
        4.139453061473689
      ],
      [
        0.9987208922248656
      ],
      [
        0.9214660307069378
      ],
      [
        0.0
      ],
      [
        0.0
      ],
      [
        0.0
      ],
      [
        0.0
      ],
      [
        0.0
      ],
      [
        0.0
      ],
      [
        0.0
      ],
      [
        0.0
      ],
      [
        0.0
      ],
      [
        0.0
      ],
      [
        0.0
      ],
      [
        0.0
      ],
      [
        0.0
      ],
      [
        0.0
      ],
      [
        0.0
      ],
      [
        0.0
      ],
      [
        0.0
      ],
      [
        0.0
      ],
      [
        0.0
      ],
      [
        0.0
      ],
      [
        0.0
      ]
    ],
    "dcline_capacity": [
      [
        4.270071
      ],
      [
        3.303403
      ],
      [
        10.383198
      ],
      [
        1.522014
      ],
      [
        3.3936010000000003
      ],
      [
        3.0089
      ],
      [
        0.18635200000000002
      ],
      [
        7.909854
      ],
      [
        6.488427
      ],
      [
        3.318409
      ],
      [
        4.331510000000001
      ],
      [
        4.408801
      ],
      [
        4.036514
      ],
      [
        5.543243
      ],
      [
        1.182752
      ],
      [
        5.797265
      ],
      [
        3.907591
      ],
      [
        0.185462
      ],
      [
        10.931231
      ],
      [
        4.672345
      ],
      [
        6.141506000000001
      ],
      [
        4.325179
      ]
    ],
    "storageunit_power": [
      [
        1.246301695024813
      ],
      [
        1.2867205627233547
      ],
      [
        0.9335849521217736
      ],
      [
        2.836877256267761
      ],
      [
        1.1314279298652368
      ],
      [
        1.5092285432364816
      ],
      [
        2.142715705065266
      ],
      [
        0.0
      ],
      [
        0.0
      ],
      [
        0.0
      ],
      [
        0.0
      ],
      [
        0.0
      ],
      [
        0.0
      ],
      [
        0.0
      ]
    ]
  },
  "history": {
    "loss": [
      "1460376.4496571296",
      "870728.0899003764",
      "1501287.4339230896",
      "3924527.332388228",
      "2746170.4507009345",
      "1149691.8071992751",
      "1373543.9971641465",
      "765365.6404854596",
      "838966.1068990447",
      "1549338.9535633195",
      "2313466.9061768437",
      "1336353.6140726446",
      "994039.2831307057",
      "1127309.0105826273",
      "499438.3719924938",
      "1023274.7805288099",
      "2262658.8330437234",
      "2221950.5939207477",
      "770271.1306530742",
      "1044718.3511980295",
      "493513.4677233901",
      "534695.5952650956",
      "1172466.0193122262",
      "1971357.1477957396",
      "1124147.6178715436",
      "817389.6488858461",
      "983607.2882017265",
      "403985.2294131463",
      "869339.7837831225",
      "1960956.7954501496",
      "1998613.0426533932",
      "660271.5599157393",
      "922697.4904720972",
      "380315.3568305359",
      "394778.0735800459",
      "981562.9825983989",
      "1811531.0240935902",
      "1005078.8898988424",
      "710342.1477182155",
      "878270.6719730274",
      "329222.95709521486"
    ],
    "grad_norm": [
      2046041.7033080168,
      2381529.5148293613,
      2365305.073619258,
      21961262.34015423,
      6393975.324668314,
      1167115.8326020911,
      1083060.6276417794,
      1216207.7746047447,
      1261446.25219029,
      1210651.0190696297,
      4195233.684791894,
      1081748.577533254,
      1121181.303937611,
      1085638.1366891225,
      2280825.0027104355,
      2361153.166006585,
      3910469.959099354,
      4642799.18237144,
      2219580.3707704227,
      2128309.7419612375,
      2253240.1843376644,
      2259629.9656598438,
      2250047.982238656,
      2064099.882335417,
      1788364.45461425,
      2184785.0629919255,
      2136973.282508207,
      2287968.88305134,
      2344591.9855646896,
      3347820.9638757827,
      4144273.482656151,
      2203885.9680086467,
      2125597.0827888465,
      2244752.8944658446,
      2247947.1910914546,
      2220632.990377069,
      2189064.1719813384,
      1960176.9700418524,
      2284753.129872033,
      2246790.8327717218,
      2373810.260128331
    ],